区,町丁名,グリッド点数,カバー率,総人口_累計,カバー人口_累計,リスク加重人口_累計,カバーリスク加重人口_累計,最寄りAED距離_m,カバー外リスク加重人口
川崎区,中瀬一丁目,96,0.0,0,0,0,0,346,0
川崎区,中瀬二丁目,37,83.8,19030,15944,135466,113499,57,21967
川崎区,中瀬三丁目,84,44.0,55554,24470,300501,132363,95,168138
川崎区,大師駅前一丁目,31,100.0,20000,20000,133875,133875,13,0
川崎区,大師駅前二丁目,37,100.0,32851,32851,175177,175177,49,0
川崎区,川中島一丁目,40,100.0,21026,21026,144382,144382,63,0
川崎区,川中島二丁目,31,100.0,9283,9283,64883,64883,16,0
川崎区,伊勢町,46,97.8,24872,24331,158357,154915,42,3442
川崎区,藤崎一丁目,53,100.0,24160,24160,163059,163059,20,0
川崎区,藤崎二丁目,37,100.0,16606,16606,113541,113541,22,0
川崎区,藤崎三丁目,42,100.0,19858,19858,137962,137962,22,0
川崎区,藤崎四丁目,51,100.0,32428,32428,225413,225413,51,0
川崎区,観音一丁目,48,87.5,25049,21917,160461,140403,58,20058
川崎区,観音二丁目,52,90.4,31461,28435,185053,167259,74,17794
川崎区,池上新町一丁目,27,100.0,9038,9038,63283,63283,120,0
川崎区,池上新町二丁目,56,100.0,28534,28534,191004,191004,67,0
川崎区,池上新町三丁目,68,85.3,728,620,8667,7392,23,1275
川崎区,四谷上町,100,99.0,46059,45598,304920,301871,4,3049
川崎区,四谷下町,67,95.5,14240,13602,88575,84609,15,3966
川崎区,大師公園,32,100.0,0,0,0,0,21,0
川崎区,台町,38,100.0,19850,19850,119926,119926,111,0
川崎区,昭和一丁目,12,100.0,8892,8892,65145,65145,94,0
川崎区,昭和二丁目,59,96.6,22623,21856,151060,145940,83,5120
川崎区,出来野,26,100.0,13328,13328,88018,88018,30,0
川崎区,大師本町,23,47.8,13423,6419,90941,43493,166,47448
川崎区,大師町,36,83.3,7217,6014,53154,44295,161,8859
川崎区,東門前一丁目,25,92.0,9595,8827,60912,56039,68,4873
川崎区,東門前二丁目,17,100.0,4034,4034,29776,29776,43,0
川崎区,東門前三丁目,37,100.0,22980,22980,125546,125546,9,0
川崎区,大師河原一丁目,176,63.1,10624,6700,63325,39938,24,23387
川崎区,大師河原二丁目,30,100.0,24547,24547,123855,123855,21,0
川崎区,殿町一丁目,119,48.7,19745,9623,120150,58560,24,61590
川崎区,殿町二丁目,92,48.9,11613,5680,73507,35954,138,37553
川崎区,殿町三丁目,452,20.8,9256,1924,51580,10727,29,40853
川崎区,小島町,292,17.1,123,21,538,92,76,446
川崎区,江川一丁目,20,100.0,5431,5431,36071,36071,56,0
川崎区,江川二丁目,31,100.0,15458,15458,82521,82521,98,0
川崎区,田町一丁目,7,100.0,3281,3281,22574,22574,175,0
川崎区,田町二丁目,43,100.0,21205,21205,144155,144155,34,0
川崎区,田町三丁目,43,100.0,2894,2894,19031,19031,21,0
川崎区,日ノ出一丁目,37,100.0,8953,8953,61055,61055,49,0
川崎区,日ノ出二丁目,39,100.0,9354,9354,59921,59921,12,0
川崎区,塩浜一丁目,61,91.8,12005,11020,74827,68694,11,6133
川崎区,塩浜二丁目,63,90.5,5985,5415,39424,35669,7,3755
川崎区,塩浜三丁目,192,87.0,3664,3186,27400,23832,17,3568
川崎区,塩浜四丁目,138,89.1,648,577,3677,3278,13,399
川崎区,夜光一丁目,165,60.6,406,246,5872,3559,14,2313
川崎区,夜光二丁目,103,69.9,0,0,0,0,47,0
川崎区,夜光三丁目,82,100.0,0,0,0,0,47,0
川崎区,浮島町,1932,7.4,4,0,13,0,16,13
川崎区,千鳥町,823,42.3,93,39,287,121,7,166
川崎区,水江町,700,10.0,0,0,0,0,17,0
川崎区,東扇島,1928,23.3,33,7,314,73,16,241
川崎区,桜本一丁目,80,95.0,25533,24256,159751,151763,22,7988
川崎区,桜本二丁目,81,91.4,31346,28637,214782,196221,81,18561
川崎区,浜町一丁目,34,100.0,17256,17256,117048,117048,28,0
川崎区,浜町二丁目,49,100.0,22110,22110,139638,139638,15,0
川崎区,浜町三丁目,24,100.0,12952,12952,85391,85391,126,0
川崎区,浜町四丁目,36,100.0,8890,8890,55080,55080,82,0
川崎区,追分町,26,100.0,21905,21905,152073,152073,64,0
川崎区,鋼管通一丁目,48,100.0,18080,18080,121903,121903,59,0
川崎区,鋼管通二丁目,28,100.0,12038,12038,82597,82597,55,0
川崎区,鋼管通三丁目,25,100.0,10814,10814,74132,74132,83,0
川崎区,鋼管通四丁目,43,100.0,8720,8720,54026,54026,114,0
川崎区,鋼管通五丁目,23,100.0,206,206,2889,2889,169,0
川崎区,田島町,52,100.0,18080,18080,122109,122109,25,0
川崎区,小田栄一丁目,36,100.0,13361,13361,93496,93496,51,0
川崎区,小田栄二丁目,69,100.0,59151,59151,285309,285309,91,0
川崎区,小田一丁目,54,88.9,20533,18251,138585,123187,97,15398
川崎区,小田二丁目,57,100.0,23364,23364,160856,160856,19,0
川崎区,小田三丁目,44,100.0,19097,19097,134869,134869,67,0
川崎区,小田四丁目,61,100.0,24490,24490,161460,161460,17,0
川崎区,小田五丁目,55,100.0,28688,28688,182470,182470,17,0
川崎区,小田六丁目,25,100.0,13105,13105,91158,91158,165,0
川崎区,小田七丁目,43,97.7,13944,13619,67280,65715,25,1565
川崎区,浅田一丁目,25,100.0,13104,13104,90432,90432,106,0
川崎区,浅田二丁目,40,100.0,18089,18089,129582,129582,25,0
川崎区,浅田三丁目,36,97.2,15797,15358,116654,113413,152,3241
川崎区,浅田四丁目,36,94.4,15310,14459,100714,95119,43,5595
川崎区,池上町,232,68.1,5703,3883,42469,28923,21,13546
川崎区,浅野町,187,55.6,3,1,17,9,3,8
川崎区,南渡田町,259,48.3,34,16,198,95,30,103
川崎区,田辺新田,112,34.8,17,5,277,96,71,181
川崎区,白石町,140,56.4,173,97,1482,836,30,646
川崎区,大川町,198,56.6,1,0,5,3,15,2
川崎区,扇町,729,0.0,250,0,3010,0,305,3010
川崎区,扇島,1574,0.0,0,0,0,0,983,0
川崎区,水面,14588,1.4,0,0,0,0,15,0
川崎区,駅前本町,56,100.0,3884,3884,26803,26803,14,0
川崎区,砂子一丁目,21,100.0,5332,5332,35901,35901,88,0
川崎区,砂子二丁目,21,100.0,9974,9974,66805,66805,158,0
川崎区,本町一丁目,19,100.0,15896,15896,106010,106010,167,0
川崎区,本町二丁目,49,100.0,29863,29863,198509,198509,16,0
川崎区,堀之内町,24,100.0,11862,11862,71978,71978,97,0
川崎区,宮本町,27,100.0,11386,11386,71981,71981,23,0
川崎区,東田町,31,100.0,12949,12949,82915,82915,111,0
川崎区,日進町,119,100.0,64080,64080,427343,427343,22,0
川崎区,小川町,41,100.0,21938,21938,131406,131406,57,0
川崎区,南町,45,100.0,32435,32435,201993,201993,4,0
川崎区,堤根,26,92.3,2331,2151,14934,13785,91,1149
川崎区,下並木,44,100.0,29316,29316,178949,178949,22,0
川崎区,池田一丁目,34,100.0,18710,18710,123603,123603,161,0
川崎区,池田二丁目,20,100.0,10863,10863,71863,71863,51,0
川崎区,京町一丁目,47,100.0,29606,29606,179142,179142,21,0
川崎区,京町二丁目,54,57.4,30662,17602,218004,125150,139,92854
川崎区,京町三丁目,56,87.5,37057,32424,241440,211260,13,30180
川崎区,渡田山王町,54,88.9,19596,17418,132745,117995,95,14750
川崎区,元木一丁目,21,100.0,11072,11072,66859,66859,88,0
川崎区,元木二丁目,20,100.0,9911,9911,65994,65994,66,0
川崎区,渡田新町一丁目,24,100.0,7479,7479,50066,50066,161,0
川崎区,渡田新町二丁目,18,100.0,10131,10131,65189,65189,141,0
川崎区,渡田新町三丁目,53,100.0,14699,14699,103147,103147,1,0
川崎区,渡田向町,51,100.0,19382,19382,131338,131338,19,0
川崎区,渡田一丁目,38,100.0,22427,22427,145612,145612,23,0
川崎区,渡田二丁目,28,100.0,13307,13307,91265,91265,104,0
川崎区,渡田三丁目,27,100.0,8923,8923,60058,60058,80,0
川崎区,渡田四丁目,28,100.0,12722,12722,80565,80565,23,0
川崎区,大島上町,47,100.0,23015,23015,151218,151218,94,0
川崎区,渡田東町,31,100.0,12202,12202,83338,83338,81,0
川崎区,大島一丁目,51,100.0,22892,22892,154273,154273,34,0
川崎区,大島二丁目,25,100.0,11423,11423,80435,80435,66,0
川崎区,大島三丁目,57,100.0,23407,23407,158420,158420,65,0
川崎区,大島四丁目,35,100.0,19513,19513,124999,124999,37,0
川崎区,大島五丁目,55,100.0,22059,22059,152413,152413,18,0
川崎区,宮前町,29,100.0,15195,15195,93041,93041,13,0
川崎区,新川通,28,100.0,9818,9818,73594,73594,104,0
川崎区,境町,36,100.0,18141,18141,113386,113386,131,0
川崎区,貝塚一丁目,27,100.0,19406,19406,122839,122839,128,0
川崎区,貝塚二丁目,26,100.0,18245,18245,110937,110937,132,0
川崎区,榎町,20,100.0,20066,20066,110165,110165,75,0
川崎区,富士見一丁目,139,93.5,21322,19941,114664,107240,53,7424
川崎区,富士見二丁目,73,100.0,6790,6790,39374,39374,93,0
川崎区,中島一丁目,16,100.0,9790,9790,61879,61879,71,0
川崎区,中島二丁目,24,100.0,12840,12840,89301,89301,156,0
川崎区,中島三丁目,35,100.0,15184,15184,96926,96926,17,0
川崎区,旭町一丁目,35,62.9,11552,7261,77299,48588,128,28711
川崎区,旭町二丁目,44,100.0,18256,18256,123095,123095,25,0
川崎区,港町,100,24.0,51269,12304,276534,66368,182,210166
川崎区,鈴木町,192,29.7,0,0,0,0,126,0
幸区,戸手本町一丁目,51,100.0,18480,18480,107408,107408,21,0
幸区,戸手本町二丁目,44,100.0,53701,53701,288956,288956,68,0
幸区,紺屋町,28,100.0,13142,13142,78100,78100,118,0
幸区,遠藤町,28,100.0,16318,16318,86047,86047,5,0
幸区,小向東芝町,81,95.1,0,0,0,0,56,0
幸区,小向西町一丁目,17,100.0,13766,13766,81236,81236,106,0
幸区,小向西町二丁目,12,100.0,6662,6662,38298,38298,154,0
幸区,小向西町三丁目,18,100.0,12881,12881,75305,75305,54,0
幸区,小向西町四丁目,38,100.0,23941,23941,130900,130900,21,0
幸区,古市場,34,100.0,22874,22874,154283,154283,8,0
幸区,古市場一丁目,130,79.2,38000,30107,236854,187661,23,49193
幸区,古市場二丁目,127,73.2,41445,30349,259922,190337,101,69585
幸区,東古市場,139,62.6,27209,17030,169631,106172,59,63459
幸区,小向仲野町,72,70.8,27266,19313,162780,115302,21,47478
幸区,小向町,45,80.0,22738,18190,153491,122793,13,30698
幸区,小向,189,14.8,0,0,0,0,56,0
幸区,戸手一丁目,17,100.0,7261,7261,42273,42273,155,0
幸区,戸手二丁目,25,100.0,12148,12148,75706,75706,63,0
幸区,戸手三丁目,13,100.0,12136,12136,64585,64585,150,0
幸区,戸手四丁目,75,76.0,48012,36489,263212,200041,113,63171
幸区,河原町,67,95.5,43232,41296,424551,405541,40,19010
幸区,中幸町一丁目,24,100.0,16758,16758,100152,100152,3,0
幸区,中幸町二丁目,23,100.0,13025,13025,82978,82978,57,0
幸区,中幸町三丁目,10,100.0,28009,28009,175848,175848,98,0
幸区,中幸町四丁目,18,100.0,20189,20189,114724,114724,28,0
幸区,幸町一丁目,12,100.0,7947,7947,48154,48154,26,0
幸区,幸町二丁目,17,76.5,7304,5585,48490,37080,66,11410
幸区,幸町三丁目,18,72.2,14867,10737,89571,64690,132,24881
幸区,幸町四丁目,11,100.0,7364,7364,47569,47569,48,0
幸区,堀川町,98,100.0,16500,16500,114226,114226,10,0
幸区,柳町,113,74.3,28236,20989,153894,114399,49,39495
幸区,大宮町,38,100.0,37976,37976,245463,245463,20,0
幸区,南幸町一丁目,21,100.0,17740,17740,104043,104043,116,0
幸区,南幸町二丁目,28,100.0,47063,47063,246424,246424,92,0
幸区,南幸町三丁目,80,98.8,37423,36955,220486,217730,18,2756
幸区,神明町一丁目,34,100.0,27943,27943,147471,147471,85,0
幸区,神明町二丁目,35,82.9,16715,13849,97251,80579,37,16672
幸区,都町,27,100.0,8353,8353,42287,42287,17,0
幸区,塚越一丁目,36,97.2,22538,21911,113161,110018,89,3143
幸区,塚越二丁目,52,92.3,34074,31452,188682,174168,94,14514
幸区,塚越三丁目,58,31.0,33402,10366,183406,56919,174,126487
幸区,塚越四丁目,67,91.0,64470,58696,378393,344507,19,33886
幸区,古川町,60,100.0,38692,38692,199588,199588,59,0
幸区,下平間,152,100.0,85608,85608,509023,509023,19,0
幸区,鹿島田一丁目,78,100.0,33485,33485,167044,167044,31,0
幸区,鹿島田二丁目,65,96.9,23526,22802,151838,147166,50,4672
幸区,鹿島田三丁目,72,45.8,27798,12740,155213,71139,145,84074
幸区,小倉,34,100.0,36951,36951,264483,264483,112,0
幸区,小倉一丁目,27,100.0,24722,24722,127628,127628,124,0
幸区,小倉二丁目,73,100.0,26167,26167,160809,160809,16,0
幸区,小倉三丁目,61,100.0,37179,37179,206936,206936,75,0
幸区,小倉四丁目,71,94.4,38197,36045,242486,228824,10,13662
幸区,小倉五丁目,108,95.4,28761,27429,171295,163365,24,7930
幸区,小倉,32,100.0,36951,36951,264483,264483,37,0
幸区,南加瀬一丁目,65,100.0,26882,26882,144616,144616,34,0
幸区,南加瀬二丁目,78,100.0,34923,34923,205669,205669,19,0
幸区,南加瀬三丁目,88,100.0,45444,45444,265873,265873,8,0
幸区,南加瀬四丁目,169,93.5,60623,56677,357049,333809,12,23240
幸区,南加瀬五丁目,127,74.8,42391,31709,263197,196880,20,66317
幸区,北加瀬一丁目,108,85.2,45057,38381,263480,224446,19,39034
幸区,北加瀬二丁目,72,100.0,38438,38438,193894,193894,10,0
幸区,北加瀬三丁目,53,92.5,34040,31470,187806,173632,38,14174
幸区,矢上,32,62.5,11354,7096,58215,36384,160,21831
幸区,新塚越,18,100.0,34590,34590,210991,210991,98,0
幸区,東小倉,49,73.5,28162,20690,157470,115692,18,41778
幸区,新小倉,55,94.5,36332,34350,131914,124719,14,7195
幸区,新川崎,70,74.3,42500,31571,199895,148493,91,51402
中原区,小杉町一丁目,52,100.0,26894,26894,145166,145166,65,0
中原区,小杉町二丁目,48,100.0,62482,62482,291476,291476,16,0
中原区,小杉町三丁目,54,100.0,42636,42636,219859,219859,17,0
中原区,新丸子東一丁目,17,100.0,19686,19686,113762,113762,61,0
中原区,新丸子東二丁目,28,100.0,23018,23018,122983,122983,53,0
中原区,新丸子東三丁目,50,100.0,66963,66963,355805,355805,22,0
中原区,小杉御殿町一丁目,48,100.0,17693,17693,94379,94379,29,0
中原区,小杉御殿町二丁目,66,100.0,43733,43733,234144,234144,18,0
中原区,小杉陣屋町一丁目,59,100.0,32475,32475,176273,176273,9,0
中原区,小杉陣屋町二丁目,52,100.0,18718,18718,113140,113140,18,0
中原区,上小田中一丁目,109,89.0,62368,55501,315589,280846,13,34743
中原区,上小田中二丁目,92,100.0,65953,65953,343475,343475,58,0
中原区,上小田中三丁目,81,100.0,69511,69511,334692,334692,13,0
中原区,上小田中四丁目,67,100.0,0,0,0,0,98,0
中原区,上小田中五丁目,40,97.5,21358,20824,116552,113638,106,2914
中原区,上小田中六丁目,125,99.2,60170,59688,333221,330556,53,2665
中原区,上小田中七丁目,41,100.0,25753,25753,128031,128031,27,0
中原区,宮内一丁目,132,66.7,28111,18740,140792,93861,7,46931
中原区,宮内二丁目,98,91.8,28568,26235,147616,135565,27,12051
中原区,宮内三丁目,69,100.0,46053,46053,235922,235922,21,0
中原区,宮内四丁目,92,100.0,39694,39694,210225,210225,18,0
中原区,等々力,304,77.0,3931,3025,23499,18088,55,5411
中原区,上丸子天神町,123,36.6,27818,10177,149077,54540,62,94537
中原区,丸子通一丁目,32,96.9,41766,40460,223685,216695,24,6990
中原区,丸子通二丁目,25,100.0,26275,26275,143969,143969,72,0
中原区,新丸子町,35,100.0,31200,31200,162302,162302,62,0
中原区,上丸子八幡町,117,26.5,22403,5935,136701,36220,33,100481
中原区,上丸子山王町一丁目,69,44.9,22263,10002,122294,54944,90,67350
中原区,上丸子山王町二丁目,34,91.2,19407,17694,108523,98948,48,9575
中原区,下沼部,202,93.1,48877,45489,258909,240964,17,17945
中原区,中丸子,287,81.5,169613,138290,863625,704141,20,159484
中原区,市ノ坪,182,100.0,119663,119663,629591,629591,60,0
中原区,北谷町,40,100.0,23916,23916,138328,138328,21,0
中原区,田尻町,30,100.0,20290,20290,116949,116949,41,0
中原区,上平間,124,66.1,107950,71386,604630,399836,47,204794
中原区,上平間,198,99.5,107950,107404,604630,601577,9,3053
中原区,大倉町,132,70.5,0,0,0,0,8,0
中原区,苅宿,108,100.0,54447,54447,292110,292110,15,0
中原区,西加瀬,88,93.2,22982,21415,120405,112196,50,8209
中原区,木月住吉町,145,100.0,44564,44564,235655,235655,26,0
中原区,今井仲町,49,100.0,43925,43925,211357,211357,73,0
中原区,今井南町,77,100.0,50846,50846,276097,276097,20,0
中原区,今井上町,57,100.0,39870,39870,187044,187044,89,0
中原区,今井西町,51,100.0,48491,48491,233328,233328,19,0
中原区,木月大町,72,100.0,29938,29938,152870,152870,19,0
中原区,木月祗園町,42,100.0,25116,25116,118524,118524,33,0
中原区,木月伊勢町,20,100.0,18904,18904,86700,86700,40,0
中原区,木月一丁目,49,100.0,25705,25705,147035,147035,4,0
中原区,木月二丁目,43,100.0,29030,29030,163008,163008,32,0
中原区,木月三丁目,122,87.7,59054,51793,339032,297348,81,41684
中原区,木月四丁目,148,98.6,72488,71508,383205,378027,26,5178
中原区,井田一丁目,84,77.4,33557,25966,185840,143805,60,42035
中原区,井田二丁目,83,73.5,23190,17043,132985,97736,16,35249
中原区,井田三丁目,96,100.0,35168,35168,182464,182464,25,0
中原区,井田中ノ町,117,92.3,72651,67062,368686,340325,21,28361
中原区,井田杉山町,74,100.0,47651,47651,230417,230417,20,0
中原区,井田三舞町,48,100.0,42073,42073,209165,209165,11,0
中原区,下小田中一丁目,79,100.0,45264,45264,229326,229326,11,0
中原区,下小田中二丁目,108,100.0,56943,56943,286939,286939,24,0
中原区,下小田中三丁目,94,100.0,57971,57971,277032,277032,21,0
中原区,下小田中四丁目,62,95.2,46166,43932,226003,215067,78,10936
中原区,下小田中五丁目,52,100.0,32382,32382,135288,135288,50,0
中原区,下小田中六丁目,98,94.9,51580,48948,260214,246938,74,13276
中原区,新城中町,30,100.0,20395,20395,107346,107346,60,0
中原区,下新城一丁目,44,100.0,18489,18489,92318,92318,14,0
中原区,下新城二丁目,29,100.0,20206,20206,101773,101773,27,0
中原区,下新城三丁目,27,100.0,27677,27677,129597,129597,64,0
中原区,上新城一丁目,23,100.0,15299,15299,79430,79430,78,0
中原区,上新城二丁目,24,100.0,13657,13657,76842,76842,9,0
中原区,新城,1,100.0,1423,1423,9555,9555,207,0
中原区,新城一丁目,15,100.0,10115,10115,60955,60955,34,0
中原区,新城二丁目,12,100.0,12084,12084,62460,62460,74,0
中原区,新城三丁目,12,100.0,6648,6648,39053,39053,24,0
中原区,新城四丁目,8,100.0,4711,4711,27015,27015,184,0
中原区,新城五丁目,11,100.0,7540,7540,47482,47482,98,0
中原区,上丸子,18,100.0,0,0,0,0,121,0
高津区,溝口一丁目,55,100.0,14611,14611,95034,95034,20,0
高津区,溝口二丁目,67,100.0,31659,31659,212794,212794,38,0
高津区,溝口三丁目,55,100.0,39202,39202,243538,243538,12,0
高津区,溝口四丁目,39,100.0,17697,17697,111683,111683,44,0
高津区,溝口五丁目,63,100.0,34130,34130,223927,223927,32,0
高津区,溝口六丁目,63,100.0,33347,33347,195559,195559,41,0
高津区,久地一丁目,109,100.0,32044,32044,198442,198442,25,0
高津区,久地二丁目,218,68.3,24977,17071,166666,113914,22,52752
高津区,久地三丁目,85,100.0,48185,48185,270943,270943,20,0
高津区,久地四丁目,81,93.8,34565,32431,217195,203788,13,13407
高津区,久地,24,100.0,7190,7190,36345,36345,90,0
高津区,宇奈根,178,88.2,17388,15336,100526,88666,19,11860
高津区,二子一丁目,102,66.7,50665,33776,301199,200799,58,100400
高津区,二子二丁目,35,100.0,25040,25040,154018,154018,11,0
高津区,二子三丁目,51,100.0,31288,31288,188400,188400,2,0
高津区,二子四丁目,33,100.0,18836,18836,119930,119930,49,0
高津区,二子五丁目,31,100.0,16135,16135,112449,112449,20,0
高津区,二子六丁目,29,93.1,15403,14340,100441,93514,110,6927
高津区,瀬田,78,79.5,8876,7055,59765,47506,1,12259
高津区,諏訪一丁目,33,100.0,19512,19512,122296,122296,144,0
高津区,諏訪二丁目,90,45.6,19024,8666,124999,56944,140,68055
高津区,諏訪三丁目,53,100.0,30599,30599,177297,177297,72,0
高津区,北見方一丁目,73,47.9,29103,13953,172050,82489,209,89561
高津区,北見方二丁目,102,59.8,61769,36940,373967,223647,23,150320
高津区,北見方三丁目,104,22.1,13202,2919,81419,18006,198,63413
高津区,下野毛一丁目,111,89.2,11924,10634,90644,80844,17,9800
高津区,下野毛二丁目,57,94.7,9696,9185,61562,58322,49,3240
高津区,下野毛三丁目,63,100.0,15712,15712,104806,104806,25,0
高津区,坂戸一丁目,65,100.0,27215,27215,165558,165558,21,0
高津区,坂戸二丁目,60,100.0,30958,30958,167326,167326,15,0
高津区,坂戸三丁目,82,95.1,38714,36825,274520,261129,92,13391
高津区,久本一丁目,45,100.0,21511,21511,143188,143188,117,0
高津区,久本二丁目,76,81.6,33751,27533,210609,171813,148,38796
高津区,久本三丁目,109,100.0,75037,75037,519484,519484,5,0
高津区,下作延一丁目,26,100.0,10618,10618,70373,70373,135,0
高津区,下作延二丁目,105,98.1,57347,56254,371021,363954,20,7067
高津区,下作延三丁目,71,77.5,43583,33761,270801,209775,44,61026
高津区,下作延四丁目,85,100.0,36641,36641,216636,216636,108,0
高津区,下作延五丁目,125,87.2,28434,24794,179910,156882,15,23028
高津区,下作延六丁目,107,89.7,28446,25521,199807,179266,13,20541
高津区,下作延七丁目,72,87.5,22379,19581,139077,121692,153,17385
高津区,下作延,106,46.2,0,0,0,0,86,0
高津区,上作延,406,72.9,111606,81367,752813,548849,6,203964
高津区,向ケ丘,66,78.8,25407,20017,158784,125102,54,33682
高津区,梶ケ谷一丁目,29,100.0,7099,7099,38787,38787,134,0
高津区,梶ケ谷二丁目,60,100.0,33350,33350,198565,198565,4,0
高津区,梶ケ谷三丁目,55,100.0,25578,25578,160705,160705,129,0
高津区,梶ケ谷四丁目,47,100.0,14207,14207,97256,97256,30,0
高津区,梶ケ谷五丁目,57,100.0,15772,15772,96778,96778,3,0
高津区,梶ケ谷六丁目,57,71.9,15200,10933,103415,74386,76,29029
高津区,末長一丁目,178,89.9,85577,76923,541186,486459,19,54727
高津区,末長二丁目,142,74.6,40788,30447,260387,194373,46,66014
高津区,末長三丁目,102,99.0,53031,52511,324065,320888,21,3177
高津区,末長四丁目,82,91.5,53977,49369,318102,290947,31,27155
高津区,新作一丁目,79,97.5,11848,11548,73399,71541,23,1858
高津区,新作二丁目,51,23.5,18170,4275,118968,27992,185,90976
高津区,新作三丁目,78,73.1,24255,17724,175089,127950,91,47139
高津区,新作四丁目,45,100.0,26985,26985,178415,178415,85,0
高津区,新作五丁目,39,76.9,41158,31660,257789,198299,71,59490
高津区,新作六丁目,44,56.8,44995,25565,280020,159102,187,120918
高津区,千年新町,47,100.0,27529,27529,200546,200546,23,0
高津区,北野川,18,50.0,3871,1935,25627,12813,168,12814
高津区,東野川一丁目,62,100.0,20376,20376,151044,151044,23,0
高津区,東野川二丁目,85,67.1,19249,12908,132014,88527,18,43487
高津区,千年,1,100.0,138335,138335,882435,882435,264,0
高津区,千年,161,83.2,138335,115135,882435,734449,24,147986
高津区,千年,227,54.2,138335,74956,882435,478147,4,404288
高津区,千年,1,100.0,138335,138335,882435,882435,235,0
高津区,子母口,254,96.9,99527,96392,654030,633431,11,20599
高津区,子母口,19,68.4,99527,68097,654030,447494,146,206536
高津区,明津,76,100.0,34148,34148,218699,218699,20,0
高津区,蟹ケ谷,169,57.4,84399,48442,584478,335469,72,249009
高津区,久末,56,100.0,140964,140964,1042826,1042826,20,0
高津区,久末,125,31.2,140964,43980,1042826,325361,79,717465
高津区,久末,317,77.9,140964,109836,1042826,812549,9,230277
宮前区,登戸,61,47.5,0,0,0,0,152,0
宮前区,登戸,18,100.0,0,0,0,0,101,0
宮前区,登戸,153,100.0,0,0,0,0,14,0
宮前区,登戸,135,100.0,0,0,0,0,7,0
宮前区,登戸,264,77.7,0,0,0,0,21,0
宮前区,登戸,34,100.0,0,0,0,0,63,0
宮前区,生田一丁目,108,99.1,0,0,0,0,26,0
宮前区,生田二丁目,51,100.0,0,0,0,0,22,0
宮前区,生田三丁目,46,100.0,0,0,0,0,85,0
宮前区,生田四丁目,70,100.0,0,0,0,0,21,0
宮前区,生田五丁目,80,77.5,0,0,0,0,58,0
宮前区,生田六丁目,64,64.1,0,0,0,0,67,0
宮前区,生田七丁目,52,100.0,0,0,0,0,22,0
宮前区,生田八丁目,78,100.0,0,0,0,0,38,0
宮前区,菅馬場一丁目,91,37.4,0,0,0,0,101,0
宮前区,菅馬場二丁目,89,89.9,0,0,0,0,11,0
宮前区,菅馬場三丁目,80,100.0,0,0,0,0,4,0
宮前区,菅馬場四丁目,151,41.1,0,0,0,0,66,0
宮前区,菅仙谷一丁目,102,16.7,0,0,0,0,179,0
宮前区,菅仙谷二丁目,59,37.3,0,0,0,0,152,0
宮前区,菅仙谷三丁目,92,53.3,0,0,0,0,14,0
宮前区,菅仙谷四丁目,200,26.5,0,0,0,0,48,0
宮前区,菅北浦一丁目,31,67.7,0,0,0,0,114,0
宮前区,菅北浦二丁目,55,80.0,0,0,0,0,94,0
宮前区,菅北浦三丁目,38,100.0,0,0,0,0,94,0
宮前区,菅北浦四丁目,84,96.4,0,0,0,0,45,0
宮前区,菅北浦五丁目,47,97.9,0,0,0,0,53,0
宮前区,菅一丁目,38,94.7,0,0,0,0,23,0
宮前区,菅二丁目,57,100.0,0,0,0,0,24,0
宮前区,菅三丁目,42,59.5,0,0,0,0,78,0
宮前区,菅四丁目,44,52.3,0,0,0,0,171,0
宮前区,菅五丁目,67,46.3,0,0,0,0,178,0
宮前区,菅六丁目,51,84.3,0,0,0,0,77,0
宮前区,菅城下,72,55.6,0,0,0,0,18,0
宮前区,菅野戸呂,117,6.8,0,0,0,0,184,0
宮前区,菅稲田堤一丁目,58,100.0,0,0,0,0,85,0
宮前区,菅稲田堤二丁目,124,71.8,0,0,0,0,18,0
宮前区,菅稲田堤三丁目,60,63.3,0,0,0,0,167,0
宮前区,布田,107,99.1,0,0,0,0,4,0
宮前区,中野島,3,100.0,0,0,0,0,185,0
宮前区,中野島,9,100.0,0,0,0,0,184,0
宮前区,中野島一丁目,64,100.0,0,0,0,0,22,0
宮前区,中野島二丁目,47,83.0,0,0,0,0,119,0
宮前区,中野島三丁目,97,82.5,0,0,0,0,20,0
宮前区,中野島四丁目,81,95.1,0,0,0,0,28,0
宮前区,中野島五丁目,97,85.6,0,0,0,0,24,0
宮前区,中野島六丁目,95,100.0,0,0,0,0,74,0
宮前区,和泉,30,36.7,0,0,0,0,162,0
宮前区,登戸新町,90,93.3,0,0,0,0,14,0
宮前区,宿河原一丁目,145,95.2,0,0,0,0,18,0
宮前区,宿河原二丁目,148,98.6,0,0,0,0,21,0
宮前区,宿河原三丁目,71,100.0,0,0,0,0,13,0
宮前区,宿河原四丁目,98,94.9,0,0,0,0,29,0
宮前区,宿河原五丁目,116,37.9,0,0,0,0,145,0
宮前区,宿河原六丁目,137,74.5,0,0,0,0,11,0
宮前区,宿河原七丁目,75,0.0,0,0,0,0,306,0
宮前区,堰一丁目,134,6.0,0,0,0,0,215,0
宮前区,堰二丁目,54,70.4,0,0,0,0,128,0
宮前区,堰三丁目,51,98.0,0,0,0,0,58,0
宮前区,長尾一丁目,34,100.0,0,0,0,0,18,0
宮前区,長尾二丁目,138,89.9,0,0,0,0,30,0
宮前区,長尾三丁目,38,86.8,0,0,0,0,20,0
宮前区,長尾四丁目,41,95.1,0,0,0,0,11,0
宮前区,長尾五丁目,44,100.0,0,0,0,0,118,0
宮前区,長尾六丁目,59,66.1,0,0,0,0,139,0
宮前区,長尾七丁目,87,46.0,0,0,0,0,15,0
宮前区,東生田一丁目,52,50.0,0,0,0,0,171,0
宮前区,東生田二丁目,79,74.7,0,0,0,0,92,0
宮前区,東生田三丁目,35,62.9,0,0,0,0,132,0
宮前区,東生田四丁目,50,54.0,0,0,0,0,173,0
宮前区,枡形一丁目,55,100.0,0,0,0,0,15,0
宮前区,枡形二丁目,47,100.0,0,0,0,0,10,0
宮前区,枡形三丁目,28,100.0,0,0,0,0,98,0
宮前区,枡形四丁目,61,95.1,0,0,0,0,28,0
宮前区,枡形五丁目,60,63.3,0,0,0,0,107,0
宮前区,枡形六丁目,181,89.5,0,0,0,0,19,0
宮前区,枡形七丁目,207,75.8,0,0,0,0,5,0
宮前区,三田一丁目,70,100.0,0,0,0,0,41,0
宮前区,三田二丁目,46,100.0,0,0,0,0,52,0
宮前区,三田三丁目,33,100.0,0,0,0,0,10,0
宮前区,三田四丁目,65,73.8,0,0,0,0,11,0
宮前区,三田五丁目,113,80.5,0,0,0,0,24,0
宮前区,東三田一丁目,69,95.7,0,0,0,0,79,0
宮前区,東三田二丁目,71,47.9,0,0,0,0,163,0
宮前区,東三田三丁目,41,24.4,0,0,0,0,216,0
宮前区,寺尾台一丁目,58,17.2,0,0,0,0,226,0
宮前区,寺尾台二丁目,46,30.4,0,0,0,0,172,0
宮前区,西生田一丁目,61,24.6,0,0,0,0,232,0
宮前区,西生田二丁目,53,49.1,0,0,0,0,78,0
宮前区,西生田三丁目,94,89.4,0,0,0,0,23,0
宮前区,西生田四丁目,74,64.9,0,0,0,0,108,0
宮前区,西生田五丁目,61,1.6,0,0,0,0,284,0
宮前区,栗谷一丁目,33,84.8,0,0,0,0,60,0
宮前区,栗谷二丁目,56,53.6,0,0,0,0,186,0
宮前区,栗谷三丁目,63,98.4,0,0,0,0,22,0
宮前区,栗谷四丁目,34,88.2,0,0,0,0,68,0
宮前区,南生田一丁目,81,24.7,0,0,0,0,217,0
宮前区,南生田二丁目,99,35.4,0,0,0,0,101,0
宮前区,南生田三丁目,44,100.0,0,0,0,0,24,0
宮前区,南生田四丁目,93,95.7,0,0,0,0,23,0
宮前区,南生田五丁目,38,100.0,0,0,0,0,17,0
宮前区,南生田六丁目,42,50.0,0,0,0,0,169,0
宮前区,南生田七丁目,30,30.0,0,0,0,0,20,0
宮前区,南生田八丁目,59,50.8,0,0,0,0,126,0
宮前区,長沢一丁目,68,98.5,0,0,0,0,40,0
宮前区,長沢二丁目,55,96.4,0,0,0,0,7,0
宮前区,長沢三丁目,55,100.0,0,0,0,0,61,0
宮前区,長沢四丁目,89,100.0,0,0,0,0,20,0
多摩区,宮前平一丁目,68,69.1,0,0,0,0,115,0
多摩区,宮前平二丁目,95,95.8,0,0,0,0,9,0
多摩区,宮前平三丁目,70,87.1,0,0,0,0,20,0
多摩区,小台一丁目,92,79.3,0,0,0,0,70,0
多摩区,小台二丁目,70,91.4,0,0,0,0,32,0
多摩区,土橋一丁目,69,100.0,0,0,0,0,21,0
多摩区,土橋二丁目,69,100.0,0,0,0,0,18,0
多摩区,土橋三丁目,79,93.7,0,0,0,0,27,0
多摩区,土橋四丁目,56,85.7,0,0,0,0,95,0
多摩区,土橋五丁目,19,100.0,0,0,0,0,4,0
多摩区,土橋六丁目,60,66.7,0,0,0,0,40,0
多摩区,土橋七丁目,63,31.7,0,0,0,0,91,0
多摩区,けやき平,70,40.0,0,0,0,0,52,0
多摩区,神木一丁目,29,75.9,0,0,0,0,97,0
多摩区,神木二丁目,54,64.8,0,0,0,0,142,0
多摩区,宮崎,22,100.0,0,0,0,0,125,0
多摩区,宮崎,104,93.3,0,0,0,0,30,0
多摩区,宮崎一丁目,58,96.6,0,0,0,0,39,0
多摩区,宮崎二丁目,75,100.0,0,0,0,0,25,0
多摩区,宮崎三丁目,83,100.0,0,0,0,0,18,0
多摩区,宮崎四丁目,31,80.6,0,0,0,0,118,0
多摩区,宮崎五丁目,53,100.0,0,0,0,0,50,0
多摩区,宮崎六丁目,72,100.0,0,0,0,0,69,0
多摩区,馬絹一丁目,102,91.2,0,0,0,0,24,0
多摩区,馬絹二丁目,39,97.4,0,0,0,0,99,0
多摩区,馬絹三丁目,51,60.8,0,0,0,0,82,0
多摩区,馬絹四丁目,100,78.0,0,0,0,0,41,0
多摩区,馬絹五丁目,48,72.9,0,0,0,0,14,0
多摩区,馬絹六丁目,66,97.0,0,0,0,0,135,0
多摩区,梶ケ谷,112,51.8,0,0,0,0,75,0
多摩区,野川,60,100.0,0,0,0,0,25,0
多摩区,野川,358,70.9,0,0,0,0,14,0
多摩区,野川,2,100.0,0,0,0,0,189,0
多摩区,野川本町一丁目,102,43.1,0,0,0,0,19,0
多摩区,野川本町二丁目,90,47.8,0,0,0,0,50,0
多摩区,野川本町三丁目,78,41.0,0,0,0,0,78,0
多摩区,西野川一丁目,126,60.3,0,0,0,0,33,0
多摩区,西野川二丁目,97,100.0,0,0,0,0,4,0
多摩区,西野川三丁目,123,67.5,0,0,0,0,15,0
多摩区,東有馬一丁目,66,34.8,0,0,0,0,164,0
多摩区,東有馬二丁目,111,69.4,0,0,0,0,14,0
多摩区,東有馬三丁目,71,98.6,0,0,0,0,27,0
多摩区,東有馬四丁目,74,86.5,0,0,0,0,5,0
多摩区,東有馬五丁目,137,67.9,0,0,0,0,21,0
多摩区,有馬一丁目,66,56.1,0,0,0,0,138,0
多摩区,有馬二丁目,50,100.0,0,0,0,0,19,0
多摩区,有馬三丁目,88,69.3,0,0,0,0,49,0
多摩区,有馬四丁目,65,56.9,0,0,0,0,33,0
多摩区,有馬五丁目,67,67.2,0,0,0,0,62,0
多摩区,有馬六丁目,69,72.5,0,0,0,0,17,0
多摩区,有馬七丁目,67,100.0,0,0,0,0,20,0
多摩区,有馬八丁目,80,43.8,0,0,0,0,179,0
多摩区,有馬九丁目,46,8.7,0,0,0,0,239,0
多摩区,鷺沼一丁目,74,90.5,0,0,0,0,19,0
多摩区,鷺沼二丁目,58,79.3,0,0,0,0,12,0
多摩区,鷺沼三丁目,76,71.1,0,0,0,0,131,0
多摩区,鷺沼四丁目,84,20.2,0,0,0,0,174,0
多摩区,犬蔵一丁目,156,92.3,0,0,0,0,17,0
多摩区,犬蔵二丁目,203,29.6,0,0,0,0,135,0
多摩区,犬蔵三丁目,77,74.0,0,0,0,0,21,0
多摩区,水沢一丁目,99,93.9,0,0,0,0,23,0
多摩区,水沢二丁目,81,28.4,0,0,0,0,146,0
多摩区,水沢三丁目,69,97.1,0,0,0,0,23,0
多摩区,潮見台,170,66.5,0,0,0,0,26,0
多摩区,菅生ケ丘,131,99.2,0,0,0,0,11,0
多摩区,菅生一丁目,97,72.2,0,0,0,0,26,0
多摩区,菅生二丁目,151,68.9,0,0,0,0,22,0
多摩区,菅生三丁目,99,97.0,0,0,0,0,8,0
多摩区,菅生四丁目,76,97.4,0,0,0,0,77,0
多摩区,菅生五丁目,75,98.7,0,0,0,0,22,0
多摩区,菅生六丁目,78,52.6,0,0,0,0,102,0
多摩区,初山一丁目,290,30.3,0,0,0,0,21,0
多摩区,初山二丁目,104,77.9,0,0,0,0,56,0
多摩区,白幡台一丁目,29,100.0,0,0,0,0,89,0
多摩区,白幡台二丁目,16,100.0,0,0,0,0,49,0
多摩区,南平台,127,90.6,0,0,0,0,23,0
多摩区,平一丁目,75,82.7,0,0,0,0,21,0
多摩区,平二丁目,103,77.7,0,0,0,0,108,0
多摩区,平三丁目,76,93.4,0,0,0,0,18,0
多摩区,平四丁目,52,65.4,0,0,0,0,79,0
多摩区,平五丁目,63,73.0,0,0,0,0,143,0
多摩区,平六丁目,49,87.8,0,0,0,0,19,0
多摩区,五所塚一丁目,29,6.9,0,0,0,0,285,0
多摩区,五所塚二丁目,31,48.4,0,0,0,0,133,0
多摩区,神木本町一丁目,72,59.7,0,0,0,0,73,0
多摩区,神木本町二丁目,129,66.7,0,0,0,0,20,0
多摩区,神木本町三丁目,36,91.7,0,0,0,0,96,0
多摩区,神木本町四丁目,57,73.7,0,0,0,0,87,0
多摩区,神木本町五丁目,41,100.0,0,0,0,0,23,0
麻生区,万福寺一丁目,54,100.0,10651,10651,77944,77944,84,0
麻生区,万福寺二丁目,39,82.1,9873,8100,70151,57559,127,12592
麻生区,万福寺三丁目,34,97.1,24315,23599,180655,175342,164,5313
麻生区,万福寺四丁目,57,84.2,26140,22012,194017,163382,44,30635
麻生区,万福寺五丁目,47,95.7,9812,9394,69879,66905,74,2974
麻生区,万福寺六丁目,21,100.0,13511,13511,99279,99279,214,0
麻生区,金程一丁目,51,52.9,14523,7688,126455,66947,228,59508
麻生区,金程二丁目,39,100.0,7242,7242,58816,58816,17,0
麻生区,金程三丁目,52,100.0,6267,6267,55023,55023,61,0
麻生区,金程四丁目,54,88.9,8473,7531,74377,66113,63,8264
麻生区,向原一丁目,31,83.9,6978,5852,58138,48761,121,9377
麻生区,向原二丁目,59,11.9,14868,1764,121383,14401,255,106982
麻生区,向原三丁目,52,30.8,9754,3001,80335,24718,106,55617
麻生区,細山,87,11.5,544,62,6528,750,164,5778
麻生区,細山一丁目,24,75.0,6511,4883,58446,43835,92,14611
麻生区,細山二丁目,28,75.0,7945,5958,59310,44482,8,14828
麻生区,細山三丁目,39,43.6,7863,3427,68558,29884,124,38674
麻生区,細山四丁目,63,0.0,14304,0,106028,0,318,106028
麻生区,細山五丁目,49,40.8,14868,6068,114053,46552,131,67501
麻生区,細山六丁目,28,0.0,5481,0,39043,0,420,39043
麻生区,細山七丁目,48,0.0,7598,0,61087,0,647,61087
麻生区,細山八丁目,39,0.0,9790,0,76280,0,335,76280
麻生区,千代ケ丘一丁目,35,68.6,9719,6664,77627,53230,25,24397
麻生区,千代ケ丘二丁目,26,69.2,9957,6893,70848,49048,150,21800
麻生区,千代ケ丘三丁目,36,86.1,9863,8493,81035,69780,44,11255
麻生区,千代ケ丘四丁目,47,80.9,13556,10960,111649,90270,116,21379
麻生区,千代ケ丘五丁目,37,100.0,7612,7612,57245,57245,25,0
麻生区,千代ケ丘六丁目,45,100.0,8112,8112,70985,70985,13,0
麻生区,千代ケ丘七丁目,42,85.7,11561,9909,98371,84318,66,14053
麻生区,千代ケ丘八丁目,46,56.5,9456,5344,76588,43289,23,33299
麻生区,千代ケ丘九丁目,37,8.1,6045,490,52410,4249,282,48161
麻生区,多摩美一丁目,59,23.7,13253,3144,110987,26336,188,84651
麻生区,多摩美二丁目,38,5.3,8216,432,77125,4059,280,73066
麻生区,高石一丁目,67,97.0,23611,22906,176998,171715,44,5283
麻生区,高石二丁目,83,56.6,24061,13624,198235,112253,140,85982
麻生区,高石三丁目,99,76.8,32182,24705,249951,191882,79,58069
麻生区,高石四丁目,82,41.5,35447,14697,310242,128637,56,181605
麻生区,高石五丁目,63,7.9,16465,1306,146480,11625,271,134855
麻生区,高石六丁目,55,18.2,17212,3129,136914,24893,200,112021
麻生区,百合丘一丁目,91,100.0,31838,31838,247767,247767,30,0
麻生区,百合丘二丁目,69,100.0,27459,27459,213459,213459,3,0
麻生区,百合丘三丁目,67,74.6,31077,23191,241063,179897,85,61166
麻生区,東百合丘一丁目,76,19.7,23172,4573,194337,38356,176,155981
麻生区,東百合丘二丁目,66,89.4,13843,12374,126278,112884,24,13394
麻生区,東百合丘三丁目,71,94.4,13631,12863,131163,123774,55,7389
麻生区,東百合丘四丁目,90,98.9,18706,18498,162798,160989,7,1809
麻生区,王禅寺西一丁目,71,94.4,21140,19949,165548,156221,24,9327
麻生区,王禅寺西二丁目,46,76.1,8875,6752,86548,65851,62,20697
麻生区,王禅寺西三丁目,84,6.0,16781,998,151248,9002,252,142246
麻生区,王禅寺西四丁目,49,22.4,6680,1499,49534,11119,186,38415
麻生区,王禅寺西五丁目,34,64.7,10152,6568,80460,52062,88,28398
麻生区,王禅寺西六丁目,53,86.8,11786,10229,102418,88891,77,13527
麻生区,王禅寺西七丁目,69,55.1,14860,8183,126099,69446,63,56653
麻生区,王禅寺西八丁目,55,50.9,10484,5337,91704,46685,125,45019
麻生区,王禅寺東一丁目,63,74.6,9363,6985,89034,66422,116,22612
麻生区,王禅寺東二丁目,104,28.8,17529,5056,167047,48186,120,118861
麻生区,王禅寺東三丁目,120,65.8,20005,13169,194527,128063,75,66464
麻生区,王禅寺東四丁目,85,98.8,9252,9143,93035,91941,13,1094
麻生区,王禅寺東五丁目,134,79.1,20550,16255,190724,150871,13,39853
麻生区,王禅寺東六丁目,38,84.2,12045,10143,96250,81052,19,15198
麻生区,王禅寺,326,42.0,8008,3365,60608,25470,14,35138
麻生区,王禅寺,22,100.0,8008,8008,60608,60608,13,0
麻生区,王禅寺,41,97.6,8008,7812,60608,59130,30,1478
麻生区,白山一丁目,25,100.0,5694,5694,72772,72772,13,0
麻生区,白山二丁目,20,80.0,3768,3014,40885,32708,166,8177
麻生区,白山三丁目,12,25.0,2268,567,24667,6166,256,18501
麻生区,白山四丁目,51,100.0,11750,11750,142909,142909,21,0
麻生区,白山五丁目,47,83.0,12912,10714,164759,136715,19,28044
麻生区,虹ケ丘一丁目,61,93.4,7714,7208,80540,75259,9,5281
麻生区,虹ケ丘二丁目,39,23.1,15803,3646,197364,45545,198,151819
麻生区,虹ケ丘三丁目,27,37.0,6562,2430,84929,31455,121,53474
麻生区,早野,366,36.1,5516,1989,51550,18592,22,32958
麻生区,下麻生一丁目,63,52.4,16015,8388,165250,86559,84,78691
麻生区,下麻生二丁目,91,89.0,17054,15179,154041,137113,81,16928
麻生区,下麻生三丁目,111,3.6,14469,521,140725,5071,267,135654
麻生区,下麻生,4,0.0,0,0,0,0,626,0
麻生区,上麻生一丁目,54,100.0,6791,6791,44818,44818,17,0
麻生区,上麻生二丁目,103,89.3,17727,15833,170043,151883,95,18160
麻生区,上麻生三丁目,130,100.0,37034,37034,300566,300566,5,0
麻生区,上麻生四丁目,139,85.6,34241,29314,269305,230556,24,38749
麻生区,上麻生五丁目,138,64.5,42367,27323,306999,197992,62,109007
麻生区,上麻生六丁目,157,100.0,23375,23375,175894,175894,16,0
麻生区,上麻生七丁目,122,79.5,26012,20681,219483,174507,21,44976
麻生区,上麻生,1,0.0,1000,0,9310,0,447,9310
麻生区,上麻生,1,100.0,1000,1000,9310,9310,297,0
麻生区,古沢,151,42.4,3925,1663,33313,14119,21,19194
麻生区,五力田一丁目,33,81.8,6610,5408,62085,50797,108,11288
麻生区,五力田二丁目,35,100.0,11369,11369,100068,100068,29,0
麻生区,五力田三丁目,50,62.0,10284,6376,71897,44576,142,27321
麻生区,五力田,64,25.0,1474,368,9506,2376,171,7130
麻生区,片平,253,15.0,4731,710,45751,6871,113,38880
麻生区,片平一丁目,75,56.0,17150,9604,133479,74748,22,58731
麻生区,片平二丁目,97,49.5,18730,9268,147396,72938,122,74458
麻生区,片平三丁目,70,61.4,16239,9975,127427,78277,15,49150
麻生区,片平四丁目,80,6.2,27209,1700,198734,12420,223,186314
麻生区,片平五丁目,87,100.0,18855,18855,147321,147321,14,0
麻生区,片平六丁目,17,82.4,6883,5668,44742,36847,172,7895
麻生区,片平七丁目,16,100.0,6249,6249,38877,38877,20,0
麻生区,片平八丁目,17,29.4,3382,994,20574,6051,216,14523
麻生区,栗木,75,4.0,1477,59,13503,540,209,12963
麻生区,栗木一丁目,53,0.0,10405,0,80613,0,300,80613
麻生区,栗木二丁目,81,35.8,0,0,0,0,73,0
麻生区,栗木三丁目,67,0.0,2849,0,15062,0,439,15062
麻生区,白鳥一丁目,67,100.0,14380,14380,115731,115731,27,0
麻生区,白鳥二丁目,37,62.2,7706,4790,65946,40993,129,24953
麻生区,白鳥三丁目,45,48.9,15552,7603,124422,60828,105,63594
麻生区,白鳥四丁目,71,2.8,24948,702,187000,5267,284,181733
麻生区,栗平一丁目,28,85.7,8517,7300,73349,62871,67,10478
麻生区,栗平二丁目,61,67.2,20421,13725,146949,98769,33,48180
麻生区,栗木台一丁目,56,42.9,14213,6091,92185,39508,169,52677
麻生区,栗木台二丁目,41,82.9,7698,6383,54587,45267,55,9320
麻生区,栗木台三丁目,40,97.5,8021,7820,63011,61436,26,1575
麻生区,栗木台四丁目,32,96.9,7683,7442,66989,64896,62,2093
麻生区,栗木台五丁目,57,94.7,8435,7991,74183,70279,121,3904
麻生区,黒川,804,21.1,35353,7475,239711,50685,21,189026
麻生区,南黒川,30,100.0,2478,2478,21357,21357,138,0
麻生区,岡上,576,27.4,63076,17302,519765,142574,17,377191
麻生区,はるひ野一丁目,43,100.0,19853,19853,140642,140642,41,0
麻生区,はるひ野二丁目,51,88.2,14910,13155,105323,92932,14,12391
麻生区,はるひ野三丁目,67,68.7,15578,10695,101790,69886,123,31904
麻生区,はるひ野四丁目,70,92.9,19622,18220,124725,115816,21,8909
麻生区,はるひ野五丁目,86,30.2,12792,3867,76202,23038,24,53164
